{
  "name": "angular-rangeslider",
  "version": "0.0.14",
  "license": "MIT",
  "main": [
    "./angular.rangeSlider.js",
    "./angular.rangeSlider.css"
  ],
  "dependencies": {
    "jquery": ">=1.7",
    "angular": ">=1.0.*"
  },
  "homepage": "https://github.com/danielcrisp/angular-rangeslider",
  "_release": "0.0.14",
  "_resolution": {
    "type": "version",
    "tag": "v0.0.14",
    "commit": "5ec1efaa23ecfc61387270e01e8c2a53f04956ae"
  },
  "_source": "git://github.com/danielcrisp/angular-rangeslider.git",
  "_target": "~0.0.14",
  "_originalSource": "angular-rangeslider",
  "_direct": true
}