{
  "name": "angular-messages",
  "version": "1.4.4",
  "main": "./angular-messages.js",
  "ignore": [],
  "dependencies": {
    "angular": "1.4.4"
  },
  "homepage": "https://github.com/angular/bower-angular-messages",
  "_release": "1.4.4",
  "_resolution": {
    "type": "version",
    "tag": "v1.4.4",
    "commit": "7dbee96552582a127c389fe677b9bd9400e27aeb"
  },
  "_source": "git://github.com/angular/bower-angular-messages.git",
  "_target": "~1.4.4",
  "_originalSource": "angular-messages",
  "_direct": true
}