{
  "name": "angular-sanitize",
  "version": "1.3.0",
  "main": "./angular-sanitize.js",
  "dependencies": {
    "angular": "1.3.0"
  },
  "homepage": "https://github.com/angular/bower-angular-sanitize",
  "_release": "1.3.0",
  "_resolution": {
    "type": "version",
    "tag": "v1.3.0",
    "commit": "39f44a7ea3c2c75459fe86b1d80c02fa6970503d"
  },
  "_source": "git://github.com/angular/bower-angular-sanitize.git",
  "_target": "1.3.0",
  "_originalSource": "angular-sanitize"
}