{
  "name": "angular-aria",
  "version": "1.4.1",
  "main": "./angular-aria.js",
  "ignore": [],
  "dependencies": {
    "angular": "1.4.1"
  },
  "homepage": "https://github.com/angular/bower-angular-aria",
  "_release": "1.4.1",
  "_resolution": {
    "type": "version",
    "tag": "v1.4.1",
    "commit": "59e24652275ddf1c29fbda5cf9697e489b60c47e"
  },
  "_source": "git://github.com/angular/bower-angular-aria.git",
  "_target": "^1.3.15 || >1.4.0-beta.0",
  "_originalSource": "angular-aria"
}